<?xml version="1.0"?>
<doc>
    <assembly>
        <name>ShoesShop.WebApi</name>
    </assembly>
    <members>
        <member name="M:ShoesShop.WebApi.Controllers.AddressController.Create(ShoesShop.WebApi.Dto.AddressDto)">
            <summary>
            Create address
            </summary>
            <remarks>
            Sample request:
            
                POST /api/Address/4a162ded-1cff-4603-b217-e9fdbebc7f37
                {
                    "colorName": "Black",
                    "skuID": "FF1234567890",
                    "releaseDate": "2021-10-17T21:44:16.871Z"
                }
            
            Creates address
            Returns ID of created address
            </remarks>
            <returns>ID of created address</returns>
            <param name="addressDto">Address creation information</param>
            <response code="200">Successful Operation</response>
            <response code="400">Invalid request</response>
            <response code="500">Server Error. Please, report administrator</response>
        </member>
        <member name="M:ShoesShop.WebApi.Controllers.AddressController.GetAll">
            <summary>
            Return list of all addresses
            </summary>
            <remarks>
            Sample request:
            
                GET /api/Address
                
            Returns list of all addresses
            </remarks>
            <returns>List of all addresses</returns>
            <response code="200">Successful Operation</response>
            <response code="400">Invalid request</response>
            <response code="500">Server Error. Please, report administrator</response>
        </member>
        <member name="M:ShoesShop.WebApi.Controllers.AddressController.GetById(System.Guid)">
            <summary>
            Find address by ID
            </summary>
            <remarks>
            Sample request:
            
                GET /api/Address/e034b7ef-03c0-4c01-aa00-55a39cbcfcd7
            
            Returns single address with the same ID, if exists
            </remarks>
            <returns>Single address with the same ID, if exists</returns>
            <param name="addressId">Address ID</param>
            <response code="200">Successful Operation</response>
            <response code="400">Invalid request</response>
            <response code="404">Address with the same ID not found</response>
            <response code="500">Server Error. Please, report administrator</response>
        </member>
        <member name="M:ShoesShop.WebApi.Controllers.AddressController.Update(System.Guid,ShoesShop.WebApi.Dto.AddressDto)">
            <summary>
            Update address information by ID
            </summary>
            <remarks>
            Sample request:
            
                PUT /api/Address/5da752ea-3a18-4bd9-aaca-66519c23a049
                {
                    "colorName": "White",
                    "skuID": "4356765546865",
                    "releaseDate": "1990-10-17T21:44:16.871Z"
                }
            
            Updates Address with the same ID, if exists
            </remarks>
            <param name="addressId">Address ID</param>
            <param name="descriptionDto">New address information</param>
            <response code="204">Successful Operation</response>
            <response code="400">Invalid request</response>
            <response code="404">address with the same ID not found</response>
            <response code="500">Server Error. Please, report administrator</response>
        </member>
        <member name="M:ShoesShop.WebApi.Controllers.AddressController.Delete(System.Guid)">
            <summary>
            Delete address by ID
            </summary>
            <remarks>
            Sample request:
            
                DELETE /api/Address/5c6f2bc5-8168-44ff-9ee9-18526325d923
            
            Deletes address with the same ID, if exists
            </remarks>
            <param name="addressId">Address ID</param>
            <response code="204">Successful Operation</response>
            <response code="404">Address with the same ID not found</response>
            <response code="400">Invalid request</response>
            <response code="500">Server Error. Please, report administrator</response>
        </member>
    </members>
</doc>
